{"cameraMode":{"drawMode":0,"name":"Shaded","section":"Shading Mode"},"sceneLighting":false,"audioPlay":false,"sceneViewState":{"showFog":false,"showMaterialUpdate":false,"showSkybox":true,"showFlares":false,"showImageEffects":false,"showParticleSystems":false},"in2DMode":false,"pivot":{"x":2.4940743446350099,"y":68.23072052001953,"z":-15.80004596710205},"rotation":{"x":-0.041111040860414508,"y":-0.9474729299545288,"z":0.13593722879886628,"w":-0.2865764796733856},"size":154.80300903320313,"orthographic":false}