{"cameraMode":{"drawMode":0,"name":"Shaded","section":"Shading Mode"},"sceneLighting":false,"audioPlay":false,"sceneViewState":{"showFog":false,"showMaterialUpdate":false,"showSkybox":true,"showFlares":false,"showImageEffects":false,"showParticleSystems":false},"in2DMode":false,"pivot":{"x":-13.942649841308594,"y":49.764320373535159,"z":-7.210302352905273},"rotation":{"x":0.026372460648417474,"y":-0.9279928207397461,"z":0.06692910194396973,"w":0.3655877113342285},"size":437.86016845703127,"orthographic":false}